Settlement Date,Spot Price ($/MWh),Scheduled Demand (MW),Scheduled Generation (MW),Semi Scheduled Generation (MW),Net Import (MW),Type
09/07/2024 09:25,297.9994,9613.48,7681.43857,923.10143,-955.47,ACTUAL
09/07/2024 09:30,260.55244,9612.47,7672.00247,907.55753,-977.62,ACTUAL
09/07/2024 09:35,274.54,9526.03,7619.8516,967.3884,-898.68,ACTUAL
09/07/2024 09:40,299.98,9457.43,7682.24373,976.06627,-774.26,ACTUAL
09/07/2024 09:45,266.96744,9426.69,7516.56201,1034.26799,-846.22,ACTUAL
09/07/2024 09:50,238.07386,9325.95,7361.69169,1059.94831,-862.69,ACTUAL
09/07/2024 09:55,104.04,9224.63,7235.86062,1106.54938,-840.37,ACTUAL
09/07/2024 10:00,104.96,9281.14,7272.01162,1123.96838,-842.14,ACTUAL
09/07/2024 10:05,105.7401,9211.58,7264.03276,1193.08724,-720.46,ACTUAL
09/07/2024 10:10,105,9135.45,7223.61239,1202.60761,-679.44,ACTUAL
09/07/2024 10:15,106.7401,9085.77,7167.09468,1243.55532,-642.54,ACTUAL
09/07/2024 10:20,104.04004,9051.49,7038.54482,1377.04518,-604.57,ACTUAL
09/07/2024 10:25,105,8944.36,6870.19346,1362.65654,-676.16,ACTUAL
09/07/2024 10:30,104.18418,8806.89,6803.06912,1244.09088,-717.48,ACTUAL
09/07/2024 10:35,69.47202,8767.25,6657.00253,1360.25747,-708.12,ACTUAL
09/07/2024 10:40,166.66312,8952.84,6742.72444,1454.50556,-721.18,ACTUAL
09/07/2024 10:45,142.95986,9004.53,6691.87119,1569.51881,-707.05,ACTUAL
09/07/2024 10:50,138.89729,8955.84,6691.32946,1466.13054,-756.72,ACTUAL
09/07/2024 10:55,133.27588,8863.61,6691.43915,1515.31085,-627.75,ACTUAL
09/07/2024 11:00,125.71012,8787.38,6690.18471,1395.04529,-671.58,ACTUAL
09/07/2024 11:05,230.4969,8854.82,6676.05761,1430.03239,-711.91,ACTUAL
09/07/2024 11:10,118.64928,8827.86,6666.38054,1778.35946,-369.84,ACTUAL
09/07/2024 11:15,99.23077,8677.69,6610.19138,1731.97862,-325.39,ACTUAL
09/07/2024 11:20,95.0979,8563.77,6573.61777,1694.96223,-283.12,ACTUAL
09/07/2024 11:25,98.95477,8508.66,6531.95211,1685.48789,-280.57,ACTUAL
09/07/2024 11:30,100.00354,8447.01,6538.5515,1549.1185,-345.27,ACTUAL
09/07/2024 11:35,178.13,8455.8,6556.11767,1441.31233,-439.58,ACTUAL
09/07/2024 11:40,156.32,8281.05,6549.16461,1362.77539,-354.71,ACTUAL
09/07/2024 11:45,156.32,8309.37,6581.70298,1322.60702,-389.76,ACTUAL
09/07/2024 11:50,154.13695,8238.19,6594.21518,1313.53482,-318.41,ACTUAL
09/07/2024 11:55,125.47534,8302.78,6600.9485,1478.6215,-216.56,ACTUAL
09/07/2024 12:00,202.86,8420.17,6607.54229,1542.43771,-263.61,ACTUAL
09/07/2024 12:05,202.64,8429.17,6579.30019,1511.55981,-330.44,ACTUAL
09/07/2024 12:10,263.52978,8366.2,6567.25086,1432.59914,-355.39,ACTUAL
09/07/2024 12:15,199.99,8438.53,6545.52468,1362.25532,-508.7,ACTUAL
09/07/2024 12:20,95.96566,8334.18,6493.69692,1451.41308,-372.63,ACTUAL
09/07/2024 12:25,101.15034,8291.12,6455.887,1436.613,-381.02,ACTUAL
09/07/2024 12:30,95.10512,8217.06,6417.31359,1492.15641,-292.4,ACTUAL
09/07/2024 12:35,80,8193.4,6290.75764,1666.24236,-221.74,ACTUAL
09/07/2024 12:40,80,8082.58,6203.90646,1572.46354,-289.65,ACTUAL
09/07/2024 12:45,76.72,8051.77,6163.75969,1584.59031,-287.27,ACTUAL
09/07/2024 12:50,63.78512,8051.92,6056.20563,1641.17437,-337.49,ACTUAL
09/07/2024 12:55,73.95601,7970.71,5956.84446,1653.02554,-344.49,ACTUAL
09/07/2024 13:00,78.47,7985.08,6069.12642,1569.46358,-331.2,ACTUAL
09/07/2024 13:05,76.71,7912.6,6006.5019,1505.1581,-383.6,ACTUAL
09/07/2024 13:10,76.71,7901.04,6017.92809,1439.18191,-426.17,ACTUAL
09/07/2024 13:15,54.00039,7811.81,5899.51469,1543.34531,-355.13,ACTUAL
09/07/2024 13:20,54.64,7763.01,5815.87614,1628.12386,-309.27,ACTUAL
09/07/2024 13:25,96.98062,7676.98,5962.82565,1526.81435,-181.08,ACTUAL
09/07/2024 13:30,98.38997,7758.83,6123.56875,1397.83125,-230.43,ACTUAL
09/07/2024 13:35,97.90055,7726.39,6197.5986,1333.6914,-190.8,ACTUAL
09/07/2024 13:40,78,7831.14,6208.36538,1360.86462,-256.43,ACTUAL
09/07/2024 13:45,54.00023,7780.96,6089.57374,1381.90626,-303.87,ACTUAL
09/07/2024 13:50,78,7896.93,6167.68452,1277.55548,-441.52,ACTUAL
09/07/2024 13:55,76.72,7968.98,6152.42117,1355.53883,-449.65,ACTUAL
09/07/2024 14:00,53.99984,7889.16,5938.56648,1368.88352,-565.56,ACTUAL
09/07/2024 14:05,57.15252,7992.3,5960.59621,1382.65379,-628.13,ACTUAL
09/07/2024 14:10,58.0901,7827.1,5902.03538,1447.80462,-468.07,ACTUAL
09/07/2024 14:15,56.98,7827.1,5904.07086,1367.22914,-540.28,ACTUAL
09/07/2024 14:20,104.37386,7889.58,5963.73006,1295.27994,-610.83,ACTUAL
09/07/2024 14:25,65.78946,7855.11,5988.59839,1305.14161,-546.57,ACTUAL
09/07/2024 14:30,81.29,7963.43,6091.91293,1388.28707,-473.46,ACTUAL
09/07/2024 14:35,64.84159,8031.64,6110.21937,1422.15063,-489.15,ACTUAL
09/07/2024 14:40,66.95771,8055.33,6169.64635,1495.42365,-385.4,ACTUAL
09/07/2024 14:45,87.89,8144.79,6302.41611,1434.22389,-403.29,ACTUAL
09/07/2024 14:50,78,8207.7,6306.02855,1462.72145,-433.22,ACTUAL
09/07/2024 14:55,97.40263,8137.54,6442.16933,1362.64067,-331.23,ACTUAL
09/07/2024 15:00,102.2831,8280.02,6595.22166,1244.56834,-436.66,ACTUAL
09/07/2024 15:05,78,8265.93,6670.62158,1216.88842,-376.54,ACTUAL
09/07/2024 15:10,76.71018,8392.49,6725.72162,1133.36838,-527.22,ACTUAL
09/07/2024 15:15,60,8288.58,6695.79702,1139.94298,-449.63,ACTUAL
09/07/2024 15:20,76.71,8454.7,6795.75497,1160.90503,-493.68,ACTUAL
09/07/2024 15:25,50.46094,8378.26,6817.50212,1179.89788,-378.75,ACTUAL
09/07/2024 15:30,50.2252,8390.78,6865.03916,1169.20084,-355.16,ACTUAL
09/07/2024 15:35,59.5,8493.47,6890.62263,1069.44737,-529,ACTUAL
09/07/2024 15:40,61.55,8527.46,6972.94873,983.57127,-564.18,ACTUAL
09/07/2024 15:45,89.48528,8638.6,7144.55049,982.36951,-507.14,ACTUAL
09/07/2024 15:50,97.99646,8743.69,7259.39336,914.65664,-563.65,ACTUAL
09/07/2024 15:55,98.52188,8787.06,7350.68534,798.18466,-630,ACTUAL
09/07/2024 16:00,110.73359,8855.94,7527.14439,774.80561,-548.81,ACTUAL
09/07/2024 16:05,96.44359,8983.91,7741.5222,793.5578,-447.71,ACTUAL
09/07/2024 16:10,114.24478,9048.56,7902.08805,716.01195,-431.07,ACTUAL
09/07/2024 16:15,194.96004,9121.48,8000.87561,674.23439,-446.85,ACTUAL
09/07/2024 16:20,192.34355,9234.06,8016.50514,621.61486,-592.27,ACTUAL
09/07/2024 16:25,124.96127,9183.55,7999.31778,625.41222,-556.45,ACTUAL
09/07/2024 16:30,283.36,9337.92,8092.31051,556.50949,-683.25,ACTUAL
09/07/2024 16:35,151.15686,9364.01,8084.7592,479.4008,-790.19,ACTUAL
09/07/2024 16:40,127.47016,9394.08,7990.44369,465.40631,-921.38,ACTUAL
09/07/2024 16:45,241.11564,9514.53,8105.40272,449.56728,-942.07,ACTUAL
09/07/2024 16:50,249.1909,9559.43,8145.47657,460.01343,-938.81,ACTUAL
09/07/2024 16:55,270.06723,9683.86,8150.40076,424.32924,-1088.82,ACTUAL
09/07/2024 17:00,299.98,9778.03,8246.63883,412.15117,-1099.02,ACTUAL
09/07/2024 17:05,198.06474,9771.66,8730.45035,402.93965,-635.58,ACTUAL
09/07/2024 17:10,245.72706,9838.85,8745.41271,409.28729,-682.22,ACTUAL
09/07/2024 17:15,267.61627,9942.82,8766.51845,395.98155,-775.38,ACTUAL
09/07/2024 17:20,273.81097,10058.35,8811.48922,396.44078,-843.61,ACTUAL
09/07/2024 17:25,299.98,10167.72,8922.09653,400.06347,-839.27,ACTUAL
09/07/2024 17:30,299.99,10326.55,9065.5872,416.5228,-836.69,ACTUAL
09/07/2024 17:35,299.98,10390.36,9077.67956,436.57044,-864.64,ACTUAL
09/07/2024 17:40,299.99,10544.2,9212.84866,446.53134,-873.49,ACTUAL
09/07/2024 17:45,294.14285,10488.55,9306.86682,448.38318,-725.4,ACTUAL
09/07/2024 17:50,295.44842,10616.84,9364.13868,444.09132,-798.42,ACTUAL
09/07/2024 17:55,299.99,10645.53,9337.59671,435.09329,-864.7,ACTUAL
09/07/2024 18:00,299.99,10666.99,9422.45457,428.91543,-809.86,ACTUAL
09/07/2024 18:05,291.04517,10535.3,9338.49382,433.41618,-757.9,ACTUAL
09/07/2024 18:10,234.28195,10485.67,9354.46214,449.86786,-679.86,ACTUAL
09/07/2024 18:15,270.95631,10579.19,9405.52727,454.37273,-718.13,ACTUAL
09/07/2024 18:20,286.41445,10600.43,9364.41588,453.01412,-779.4,ACTUAL
09/07/2024 18:25,290.41194,10557.77,9342.4565,431.3235,-781.54,ACTUAL
09/07/2024 18:30,247.87686,10507.41,9363.45554,451.17446,-689.55,ACTUAL
09/07/2024 18:35,244.54364,10517.31,9327.45664,465.63336,-723.05,ACTUAL
09/07/2024 18:40,299.00276,10553.51,9265.47495,472.81505,-813.77,ACTUAL
09/07/2024 18:45,230.41459,10508.03,9264.45598,458.96402,-784.93,ACTUAL
09/07/2024 18:50,268.86114,10433.87,9241.46954,464.43046,-730.46,ACTUAL
09/07/2024 18:55,292.49056,10361.03,9256.38837,468.21163,-640.42,ACTUAL
09/07/2024 19:00,258.42949,10400.55,9240.44445,498.84555,-665.26,ACTUAL
09/07/2024 19:05,262.07743,10384.92,9339.3395,527.8305,-521.93,ACTUAL
09/07/2024 19:10,242.30213,10369.87,9321.50858,532.42142,-518.45,ACTUAL
09/07/2024 19:15,211.09376,10324.33,9350.97042,521.28958,-451.65,ACTUAL
09/07/2024 19:20,225.35509,10289.45,9301.45914,524.01086,-461.94,ACTUAL
09/07/2024 19:25,200.55378,10238.66,9251.51237,501.27763,-479.46,ACTUAL
09/07/2024 19:30,200.5135,10192.22,9246.46301,485.76699,-457.49,ACTUAL
09/07/2024 19:35,215.42436,10126.26,9176.64369,484.53631,-459.02,ACTUAL
09/07/2024 19:40,219.17039,10021.82,9117.39823,509.99177,-387.14,ACTUAL
09/07/2024 19:45,202.45014,10037.69,9053.97748,515.18252,-458.11,ACTUAL
09/07/2024 19:50,201.13217,10042.3,9031.40691,538.92309,-463.42,ACTUAL
09/07/2024 19:55,219.72719,10094.24,9021.41058,545.95942,-515.01,ACTUAL
09/07/2024 20:00,148.66368,9964.58,9016.45947,539.53053,-401.89,ACTUAL
09/07/2024 20:05,139.96,9981.24,8893.57409,539.66591,-533.48,ACTUAL
09/07/2024 20:10,168.73318,9905.34,8906.39028,545.59972,-443.62,ACTUAL
09/07/2024 20:15,201.79541,9977.07,8864.40715,550.61285,-553.76,ACTUAL
09/07/2024 20:20,167.58084,9869.3,8851.4099,555.0801,-455.14,ACTUAL
09/07/2024 20:25,203.57037,9923.36,8730.45243,565.37757,-621.46,ACTUAL
09/07/2024 20:30,165.65678,9811.73,8725.45631,578.35369,-504.8,ACTUAL
09/07/2024 20:35,123.56614,9697.15,8690.41125,575.37875,-429.89,ACTUAL
09/07/2024 20:40,139.96,9681.5,8599.12339,556.92661,-522.28,ACTUAL
09/07/2024 20:45,126.15295,9637.52,8455.94928,562.26072,-615.62,ACTUAL
09/07/2024 20:50,127.15274,9643.25,8365.68426,540.20574,-731.11,ACTUAL
09/07/2024 20:55,171.59692,9677.85,8275.09678,528.20322,-862.94,ACTUAL
09/07/2024 21:00,175.11228,9700.58,8219.90392,521.76608,-941.05,ACTUAL
09/07/2024 21:05,175.24904,9516.14,7972.71289,497.16711,-1027.95,ACTUAL
09/07/2024 21:10,254.80713,9618.38,7994.48564,500.17436,-1101.76,ACTUAL
09/07/2024 21:15,250.21361,9559.53,7987.45649,487.45351,-1063.8,ACTUAL
09/07/2024 21:20,175.86012,9504.68,8002.64544,471.23456,-1009.32,ACTUAL
09/07/2024 21:25,139.96,9500.44,8013.35571,474.96429,-991.29,ACTUAL
09/07/2024 21:30,128.7917,9411.29,7976.45536,466.46464,-949.88,ACTUAL
09/07/2024 21:35,128.51769,9328.71,7960.48488,441.55512,-910.73,ACTUAL
09/07/2024 21:40,120.56775,9266.53,8087.33493,433.24507,-736.51,ACTUAL
09/07/2024 21:45,130.0685,9337.94,7975.45616,436.13384,-904.89,ACTUAL
09/07/2024 21:50,117.13328,9222.06,7994.45456,435.78544,-778.77,ACTUAL
09/07/2024 21:55,109.31743,9220.48,7975.48634,428.17366,-805.38,ACTUAL
09/07/2024 22:00,107.15202,9156.81,7968.45534,412.52466,-766.83,ACTUAL
09/07/2024 22:05,96.45702,8961.08,7853.33619,394.00381,-704.19,ACTUAL
09/07/2024 22:10,114.98,9087.9,7972.43868,362.64132,-740.23,ACTUAL
09/07/2024 22:15,177.99458,9129.41,7805.41204,372.69796,-925.09,ACTUAL
09/07/2024 22:20,172.63177,8979.8,7822.40868,360.02132,-781.96,ACTUAL
09/07/2024 22:25,172.03674,8911.15,7826.51068,336.12932,-734.87,ACTUAL
09/07/2024 22:30,173.43954,8914.82,7800.48266,336.80734,-760.77,ACTUAL
09/07/2024 22:35,228.62498,8848.32,7747.05156,341.99844,-749.62,ACTUAL
09/07/2024 22:40,219.05481,8807.8,7746.38171,343.80829,-708.66,ACTUAL
09/07/2024 22:45,176.55723,8746.59,7734.51148,336.04852,-667.83,ACTUAL
09/07/2024 22:50,192.29022,8721.04,7724.53896,337.23104,-651.95,ACTUAL
09/07/2024 22:55,172.62708,8682.14,7724.50373,328.61627,-618.03,ACTUAL
09/07/2024 23:00,169.89725,8643.46,7724.46205,324.65795,-583.39,ACTUAL
09/07/2024 23:05,167.22624,8637.7,7724.51221,322.61779,-579.44,ACTUAL
09/07/2024 23:10,171.23782,8601.31,7706.81452,319.30548,-563.26,ACTUAL
09/07/2024 23:15,221.01,8570.3,7695.31934,312.28066,-553.76,ACTUAL
09/07/2024 23:20,221.01,8572.98,7677.51833,303.98167,-582.94,ACTUAL
09/07/2024 23:25,217.47581,8548.32,7659.0084,307.0116,-574.18,ACTUAL
09/07/2024 23:30,219.94094,8523.57,7646.51069,309.64931,-559.76,ACTUAL
09/07/2024 23:35,222.29117,8415.98,7628.34328,298.18672,-481.16,ACTUAL
09/07/2024 23:40,222.29041,8425.43,7624.41583,295.34417,-497.22,ACTUAL
09/07/2024 23:45,217.70326,8457.52,7624.48493,291.90507,-532.64,ACTUAL
09/07/2024 23:50,222.04384,8349.51,7624.48132,288.66868,-430.98,ACTUAL
09/07/2024 23:55,214.47442,8337.94,7595.57097,286.88903,-447.4,ACTUAL
10/07/2024 00:00,131.01682,8225.7,7609.0696,272.6304,-333.7,ACTUAL
10/07/2024 00:05,209.5467,8235.04,7542.69847,278.83153,-404.37,ACTUAL
10/07/2024 00:10,231.55737,8264.07,7535.00286,285.47714,-434.73,ACTUAL
10/07/2024 00:15,213.69504,8235.64,7534.5095,284.4605,-409.36,ACTUAL
10/07/2024 00:20,213.67112,8165.04,7551.20767,279.93233,-329.94,ACTUAL
10/07/2024 00:25,226.26952,8143.96,7534.77897,265.00103,-340.79,ACTUAL
10/07/2024 00:30,212.13792,8114.76,7533.33938,271.38062,-305.14,ACTUAL
10/07/2024 00:35,173.41907,8086.19,7445.49747,272.07253,-364.01,ACTUAL
10/07/2024 00:40,165.39046,8005.4,7568.26553,279.56447,-152.6,ACTUAL
10/07/2024 00:45,204.56631,8018.18,7584.46423,302.08577,-128.53,ACTUAL
10/07/2024 00:50,163.39853,7989.62,7592.07783,308.12217,-86.43,ACTUAL
10/07/2024 00:55,122.96004,7971.33,7604.80872,309.59128,-54.84,ACTUAL
10/07/2024 01:00,120.54693,7865.03,7609.26616,318.14384,62.67,ACTUAL
10/07/2024 01:05,114.03156,7907.83,7613.7634,339.1666,45.79,ACTUAL
10/07/2024 01:10,122.73579,7885.36,7624.50901,367.75099,106.16,ACTUAL
10/07/2024 01:15,112.74535,7877.88,7593.45538,371.04462,86.52,ACTUAL
10/07/2024 01:20,108.97,7861.27,7599.07574,367.65426,105.94,ACTUAL
10/07/2024 01:25,111.53525,7791.69,7623.17304,365.06696,196.17,ACTUAL
10/07/2024 01:30,110.86004,7781.17,7641.05345,366.01655,225.49,ACTUAL
10/07/2024 01:35,104.04004,7626.23,7394.86314,358.44686,126.27,ACTUAL
10/07/2024 01:40,112.80583,7774.92,7479.56567,356.28433,59.9,ACTUAL
10/07/2024 01:45,105,7725.81,7435.4402,366.5598,74.96,ACTUAL
10/07/2024 01:50,105,7661.6,7398.95543,355.74457,91.85,ACTUAL
10/07/2024 01:55,111.24661,7688.13,7456.52924,345.37076,112.27,ACTUAL
10/07/2024 02:00,108.65,7654.12,7426.9281,354.9519,127.71,ACTUAL
10/07/2024 02:05,95.19,7566,7239.1128,359.3972,32.8,ACTUAL
10/07/2024 02:10,104.04,7577.07,7174.04276,346.65724,-54.09,ACTUAL
10/07/2024 02:15,104.04,7475.28,7122.10213,361.31787,10.58,ACTUAL
10/07/2024 02:20,104.04,7436.37,7135.08973,366.38027,66.28,ACTUAL
10/07/2024 02:25,95.18,7479.12,7070.85528,357.41472,-48.79,ACTUAL
10/07/2024 02:30,89.58554,7411.52,7047.15391,349.19609,-13.17,ACTUAL
10/07/2024 02:35,107.61,7384.4,7123.19963,351.35037,90.33,ACTUAL
10/07/2024 02:40,104.04,7375.23,7047.15274,360.81726,34.41,ACTUAL
10/07/2024 02:45,104.04,7395.98,7051.59784,373.37216,30.82,ACTUAL
10/07/2024 02:50,90.21414,7360.29,6965.27174,382.37826,-9.06,ACTUAL
10/07/2024 02:55,104.04,7325.82,6969.63637,378.60363,24.78,ACTUAL
10/07/2024 03:00,104.04,7254.19,6967.11395,377.77605,91.04,ACTUAL
10/07/2024 03:05,104.04,7254.98,6909.10781,378.18219,34.45,ACTUAL
10/07/2024 03:10,104.04,7235.04,6898.95819,380.86181,47.29,ACTUAL
10/07/2024 03:15,104.04,7279.92,6913.96138,383.36862,19.67,ACTUAL
10/07/2024 03:20,104.04,7212.59,6915.76041,375.38959,79.52,ACTUAL
10/07/2024 03:25,91.02554,7206.34,6892.74523,363.30477,51.69,ACTUAL
10/07/2024 03:30,88.52824,7237.46,6891.79133,378.87867,38.11,ACTUAL
10/07/2024 03:35,104.04,7247.25,6911.47887,380.79113,46.61,ACTUAL
10/07/2024 03:40,95.25,7226.92,6891.99899,381.80101,48.89,ACTUAL
10/07/2024 03:45,95.49,7233.46,6891.53682,390.81318,50.49,ACTUAL
10/07/2024 03:50,104.04004,7249.46,6937.00741,381.18259,69.52,ACTUAL
10/07/2024 03:55,104.04,7188.2,6909.07972,379.86028,101.38,ACTUAL
10/07/2024 04:00,93.44,7194.06,6891.41219,376.22781,74.44,ACTUAL
10/07/2024 04:05,88.90095,7258.83,6971.37469,362.42531,76.33,ACTUAL
10/07/2024 04:10,87.5,7338.99,6914.32032,380.31968,-43.35,ACTUAL
10/07/2024 04:15,68.03047,7290.58,6878.62121,380.38879,-31.14,ACTUAL
10/07/2024 04:20,66.43593,7278.41,6840.73345,377.79655,-59.3,ACTUAL
10/07/2024 04:25,87.5,7243.17,6865.03258,378.80742,1.36,ACTUAL
10/07/2024 04:30,87.5,7209.36,6867.08201,372.49799,29.67,ACTUAL
10/07/2024 04:35,87.5,7223.3,6879.44566,376.27434,31.2,ACTUAL
10/07/2024 04:40,113.64497,7282.91,6920.94443,376.29557,13.85,ACTUAL
10/07/2024 04:45,112.8002,7238.86,6922.75719,372.02281,55.09,ACTUAL
10/07/2024 04:50,120.11348,7263.18,6946.15747,361.37253,43.37,ACTUAL
10/07/2024 04:55,112.65617,7301.03,6962.44785,380.68215,40.96,ACTUAL
10/07/2024 05:00,112.52116,7324.22,6982.0143,374.6357,31.39,ACTUAL
10/07/2024 05:05,112.84362,7397.1,7004.76353,369.51647,-23.51,ACTUAL
10/07/2024 05:10,125.75615,7513.9,7028.38503,356.78497,-128.41,ACTUAL
10/07/2024 05:15,122.63068,7538.47,7043.74478,356.47522,-137.99,ACTUAL
10/07/2024 05:20,123.29561,7588.27,7064.39864,356.78136,-166.37,ACTUAL
10/07/2024 05:25,123.23302,7633.31,7082.07478,357.56522,-192.29,ACTUAL
10/07/2024 05:30,173.71526,7717.61,7104.73311,348.48689,-262.69,ACTUAL
10/07/2024 05:35,119.01427,7670.17,7175.42447,329.54553,-165.36,ACTUAL
10/07/2024 05:40,124.51074,7774.07,7268.41045,323.37955,-182.27,ACTUAL
10/07/2024 05:45,124.19147,7806.56,7306.02263,316.25737,-184.33,ACTUAL
10/07/2024 05:50,124.51074,7840.49,7332.79004,314.45996,-193.53,ACTUAL
10/07/2024 05:55,199.16831,7940.92,7324.46153,315.10847,-299.11,ACTUAL
10/07/2024 06:00,258.65076,8004.58,7324.4587,320.6713,-353.31,ACTUAL
10/07/2024 06:05,221.90841,8108.78,7430.90259,328.74741,-346.95,ACTUAL
10/07/2024 06:10,262.97497,8253.2,7490.41371,328.13629,-428.27,ACTUAL
10/07/2024 06:15,257.10321,8359.24,7644.40964,333.14036,-379.78,ACTUAL
10/07/2024 06:20,247.93974,8502.07,7764.45875,334.05125,-402.36,ACTUAL
10/07/2024 06:25,247.03306,8532.62,7833.45583,325.48417,-373.22,ACTUAL
10/07/2024 06:30,293.33885,8684.23,7853.40713,324.56287,-503.19,ACTUAL
10/07/2024 06:35,261.46271,8694.86,7930.88186,332.34814,-430.44,ACTUAL
10/07/2024 06:40,270.75295,8859.59,7957.46222,341.05778,-557.11,ACTUAL
10/07/2024 06:45,280.17998,8939.92,8063.54062,333.55938,-539.79,ACTUAL
10/07/2024 06:50,299.98,9041.15,8108.54613,330.78387,-597.55,ACTUAL
10/07/2024 06:55,299.98,9099.49,8244.6103,338.1797,-514.04,ACTUAL
10/07/2024 07:00,299.98,9210.89,8311.03965,364.97035,-533.2,ACTUAL
10/07/2024 07:05,299.99,9229.18,8458.00021,366.20979,-405.69,ACTUAL
10/07/2024 07:10,299.99,9340.24,8722.96537,356.61463,-264.13,ACTUAL
10/07/2024 07:15,299.99,9472.77,8689.47528,390.73472,-394.15,ACTUAL
10/07/2024 07:20,299.49,9497.12,8720.60619,409.56381,-369.66,ACTUAL
10/07/2024 07:25,299.99,9510.25,8810.52298,448.39702,-255.38,ACTUAL
10/07/2024 07:30,289.33789,9507.44,8677.45719,527.67281,-305.76,ACTUAL
10/07/2024 07:35,299.99,9506.19,8569.32029,567.77971,-371.81,ACTUAL
10/07/2024 07:40,270.75295,9491.99,8601.41579,637.21421,-254.47,ACTUAL
10/07/2024 07:45,281.10487,9554.91,8655.4078,699.4822,-188.34,ACTUAL
10/07/2024 07:50,279.89709,9554.79,8654.40661,749.08339,-138.27,ACTUAL
10/07/2024 07:55,214.8,9534.46,8594.81399,814.59601,-110,ACTUAL
10/07/2024 08:00,124.38993,9451.02,8407.61757,898.07243,-140.76,ACTUAL
10/07/2024 08:05,105.99007,9377.05,8230.73401,969.07599,-172.11,ACTUAL
10/07/2024 08:10,98.8693,9406.96,8027.42451,1051.21549,-324.51,ACTUAL
10/07/2024 08:15,116.7677,9411.45,7820.82623,1100.00377,-483.9,ACTUAL
10/07/2024 08:20,104.03994,9341.03,7632.14707,1259.73293,-441.33,ACTUAL
10/07/2024 08:25,100.24786,9325.45,7515.9947,1388.9153,-414.37,ACTUAL
10/07/2024 08:30,61.66433,9277.5,7433.66013,1473.48987,-364.76,ACTUAL
10/07/2024 08:35,100.64685,9166.86,7234.34267,1529.94733,-394.05,ACTUAL
10/07/2024 08:40,104.04022,9054.22,7202.02484,1487.36516,-359.2,ACTUAL
10/07/2024 08:45,131.57664,9074.18,7131.6211,1446.6589,-484.52,ACTUAL
10/07/2024 08:50,121.74358,9030.02,7162.48129,1418.74871,-438.69,ACTUAL
10/07/2024 08:55,104.0399,8895.23,6998.79491,1465.68509,-420.68,ACTUAL
10/07/2024 09:00,101.29022,8771.6,6878.11446,1464.86554,-417.98,ACTUAL
10/07/2024 09:05,104.04022,8743.04,6775.08939,1504.13061,-447.49,ACTUAL
10/07/2024 09:10,104.96,8602.81,6816.25341,1509.31659,-271.05,ACTUAL
10/07/2024 09:15,104.96,8565.32,6756.8086,1541.2814,-262.39,ACTUAL
10/07/2024 09:20,100.22937,8419.12,6561.59142,1550.41858,-300.69,ACTUAL
10/07/2024 09:30,121.0409,8629.58,6730.267,1608.673,-277.76,FORECAST
10/07/2024 10:00,104.04,8214.45,6264.014,1663.576,-264.14,FORECAST
10/07/2024 10:30,76.72,7968.88,5875.03,1715.02,-338.46,FORECAST
10/07/2024 11:00,75.7501,7727.55,5542.031,1765.619,-365.45,FORECAST
10/07/2024 11:30,54,7677.87,5380.189,1798.101,-457.02,FORECAST
10/07/2024 12:00,54.00011,7518.09,5213.693,1827.197,-432.36,FORECAST
10/07/2024 12:30,65,7519.84,5202.959,1858.221,-413.37,FORECAST
10/07/2024 13:00,65,7499.05,5192.63501,1888.79499,-373.6,FORECAST
10/07/2024 13:30,75.8501,7573.09,5304.627,1857.103,-367.95,FORECAST
10/07/2024 14:00,76.7099,7721.73,5478.027,1816.713,-382.84,FORECAST
10/07/2024 14:30,61.55,7894.05,5647.136,1774.814,-428.79,FORECAST
10/07/2024 15:00,61.55,8292.67,5972.846,1726.024,-550.59,FORECAST
10/07/2024 15:30,44.08756,8572,6416,1643.94,-489.16,FORECAST
10/07/2024 16:00,39.00007,8805.23,6797.919,1453.021,-539.23,FORECAST
10/07/2024 16:30,49.31876,9116.58,7246.996,1119.274,-730.63,FORECAST
10/07/2024 17:00,125.87141,9678.87,8175.002,668.058,-814.39,FORECAST
10/07/2024 17:30,299.98,10222.69,8877.834,400.506,-937.81,FORECAST
10/07/2024 18:00,299.99,10701.3,9801.159,379.191,-527.5,FORECAST
10/07/2024 18:30,299.99,10787.54,9595.06,366.3,-827.51,FORECAST
10/07/2024 19:00,299.98,10736.77,9290.143,357.097,-1081.41,FORECAST
10/07/2024 19:30,229.3482,10549.96,9056.003,343.707,-1140.83,FORECAST
10/07/2024 20:00,169.98,10377.41,8746.639,340.731,-1273.47,FORECAST
10/07/2024 20:30,156.62902,10250.74,8670.999,360.081,-1203.84,FORECAST
10/07/2024 21:00,120.53408,10050.11,8746.001,372.949,-926.62,FORECAST
10/07/2024 21:30,120.91291,9791.79,8706.001,381.219,-703.54,FORECAST
10/07/2024 22:00,103.69618,9483.94,8881.99601,402.93399,-200.56,FORECAST
10/07/2024 22:30,88.89,9271.36,8633.487,414.403,-194.09,FORECAST
10/07/2024 23:00,70.02873,9029.8,7906.265,456.165,-599.89,FORECAST
10/07/2024 23:30,58.60508,8800.79,7666.899,467.811,-589.27,FORECAST
11/07/2024 00:00,54.35326,8620.85,7409.449,473.861,-654.51,FORECAST
11/07/2024 00:30,56.46684,8653.92,7361.082,494.248,-713.39,FORECAST
11/07/2024 01:00,54.90673,8481.12,7073.561,516.179,-802.4,FORECAST
11/07/2024 01:30,54.61254,8487.62,7080.92101,493.22899,-815.18,FORECAST
11/07/2024 02:00,57.01278,8296.67,6888.951,469.269,-842.64,FORECAST
11/07/2024 02:30,48.2967,8084.67,6564.3,450.44,-958.54,FORECAST
11/07/2024 03:00,54.00016,7882.44,6407.194,430.926,-930.5,FORECAST
11/07/2024 03:30,56.98,7759.3,6290.021,402.519,-950.9,FORECAST
11/07/2024 04:00,54,7711.71,6277.138,379.972,-936.68,FORECAST